{
    "1": {
      "express": { "1": 100, "2": 200, "3": 300, "4": 350, "5": 400 },
      "surface": { "<5": 76, "<10": 75, "<25": 73, "<50": 73, ">50": 72 }
    },
    "2": {
      "express": { "1": 150, "2": 250, "3": 350, "4": 450, "5": 550 },
      "surface": { "<5": 76, "<10": 75, "<25": 73, "<50": 73, ">50": 72 }
    },
    "3": {
      "express": { "1": 200, "2": 350, "3": 500, "4": 650, "5": 800 },
      "surface": { "<5": 80, "<10": 79, "<25": 77, "<50": 76, ">50": 75 }
    },
    "4": {
      "express": { "1": 300, "2": 450, "3": 600, "4": 750, "5": 900 },
      "surface": { "<5": 89, "<10": 88, "<25": 83, "<50": 82, ">50": 80 }
    },
    "5": {
      "express": { "1": 300, "2": 450, "3": 600, "4": 750, "5": 900 },
      "air":     { "<5": 151, "<10": 149, "<25": 137, "<50": 134, ">50": 131 },
      "surface": { "<5": 89, "<10": 88, "<25": 83, "<50": 82, ">50": 80 }
    },
    "6": {
      "express": { "1": 250, "2": 350, "3": 450, "4": 550, "5": 650 },
      "air":     { "<5": 180, "<10": 177, "<25": 159, "<50": 155, ">50": 145 },
      "surface": { "<5": 98, "<10": 97, "<25": 90, "<50": 88, ">50": 86 }
    },
    "7": {
      "express": { "1": 300, "2": 450, "3": 600, "4": 750, "5": 900 },
      "air":     { "<5": 179, "<10": 177, "<25": 163, "<50": 158, ">50": 155 },
      "surface": { "<5": 98, "<10": 97, "<25": 90, "<50": 88, ">50": 86 }
    },
    "8": {
      "express": { "1": 350, "2": 500, "3": 650, "4": 800, "5": 950 },
      "air":     { "<5": 192, "<10": 188, "<25": 175, "<50": 169, ">50": 166 },
      "surface": { "<5": 103, "<10": 101, "<25": 96, "<50": 94, ">50": 92 }
    },
    "9": {
      "express": { "1": 400, "2": 500, "3": 600, "4": 700, "5": 800 },
      "air":     { "<5": 203, "<10": 199, "<25": 185, "<50": 180, ">50": 177 },
      "surface": { "<5": 113, "<10": 112, "<25": 107, "<50": 105, ">50": 103 }
    }
  }
  