[
    {
        "country":"Botswana",
        "1":3150.0,
        "2":4500.0,
        "3":6000.0,
        "4":7100.0,
        "5":7500.0,
        "6":9040.0,
        "7":10170.0,
        "8":11300.0,
        "9":12430.0,
        "10":13560.0,
        "11":14690.0,
        "per_kg":1130.0

    },
    {
        "country":"Comoros",
        "1":2800.0,
        "2":3400.0,
        "3":4500.0,
        "4":5300.0,
        "5":5900.0,
        "6":6810.0,
        "7":7620.0,
        "8":8430.0,
        "9":9240.0,
        "10":10050.0,
        "11":10860.0,
        "per_kg":810.0

    },
    {
        "country":"Ghana",
        "1":2600.0,
        "2":3600.0,
        "3":4400.0,
        "4":5400.0,
        "5":6100.0,
        "6":7060.0,
        "7":7940.0,
        "8":8820.0,
        "9":9700.0,
        "10":10580.0,
        "11":11460.0,
        "per_kg":880.0

    },
    {
        "country":"Kenya",
        "1":2500.0,
        "2":3100.0,
        "3":3800.0,
        "4":4200.0,
        "5":4600.0,
        "6":5230.0,
        "7":5760.0,
        "8":6290.0,
        "9":6820.0,
        "10":7350.0,
        "11":7880.0,
        "per_kg":530.0

    },
    {
        "country":"Zimbabwe",
        "1":2100.0,
        "2":2800.0,
        "3":3400.0,
        "4":4200.0,
        "5":5300.0,
        "6":5900.0,
        "7":6680.0,
        "8":7460.0,
        "9":8240.0,
        "10":9020.0,
        "11":9800.0,
        "per_kg":780.0

    },
    {
        "country":"Madagascar",
        "1":2500.0,
        "2":3100.0,
        "3":3800.0,
        "4":4500.0,
        "5":5220.0,
        "6":5876.0,
        "7":6560.0,
        "8":7244.0,
        "9":7928.0,
        "10":8612.0,
        "11":9296.0,
        "per_kg":684.0

    },
    {
        "country":"Malawi",
        "1":2100.0,
        "2":2900.0,
        "3":3550.0,
        "4":4200.0,
        "5":4900.0,
        "6":5600.0,
        "7":6290.0,
        "8":6980.0,
        "9":7670.0,
        "10":8360.0,
        "11":9050.0,
        "per_kg":690.0

    },
    {
        "country":"Mauritius",
        "1":2100.0,
        "2":3100.0,
        "3":3600.0,
        "4":4220.0,
        "5":4800.0,
        "6":5520.0,
        "7":6172.0,
        "8":6824.0,
        "9":7476.0,
        "10":8128.0,
        "11":8780.0,
        "per_kg":652.0

    },
    {
        "country":"Mayotte",
        "1":3100.0,
        "2":3800.0,
        "3":4400.0,
        "4":5200.0,
        "5":5800.0,
        "6":6500.0,
        "7":7180.0,
        "8":7860.0,
        "9":8540.0,
        "10":9220.0,
        "11":9900.0,
        "per_kg":680.0

    },
    {
        "country":"Mozambique",
        "1":6200.0,
        "2":6800.0,
        "3":7200.0,
        "4":7800.0,
        "5":8200.0,
        "6":8740.0,
        "7":9240.0,
        "8":9740.0,
        "9":10240.0,
        "10":10740.0,
        "11":11240.0,
        "per_kg":500.0

    },
    {
        "country":"Nigeria",
        "1":2900.0,
        "2":3500.0,
        "3":3900.0,
        "4":4400.0,
        "5":4900.0,
        "6":5390.0,
        "7":5880.0,
        "8":6370.0,
        "9":6860.0,
        "10":7350.0,
        "11":7840.0,
        "per_kg":490.0

    },
    {
        "country":"Reunion Island",
        "1":2900.0,
        "2":3600.0,
        "3":3900.0,
        "4":4400.0,
        "5":4900.0,
        "6":5380.0,
        "7":5860.0,
        "8":6340.0,
        "9":6820.0,
        "10":7300.0,
        "11":7780.0,
        "per_kg":480.0

    },
    {
        "country":"Seychelles",
        "1":3100.0,
        "2":3800.0,
        "3":4500.0,
        "4":4900.0,
        "5":5400.0,
        "6":6050.0,
        "7":6620.0,
        "8":7190.0,
        "9":7760.0,
        "10":8330.0,
        "11":8900.0,
        "per_kg":570.0

    },
    {
        "country":"South Africa",
        "1":2100.0,
        "2":2800.0,
        "3":3400.0,
        "4":3900.0,
        "5":4500.0,
        "6":5110.0,
        "7":5700.0,
        "8":6290.0,
        "9":6880.0,
        "10":7470.0,
        "11":8060.0,
        "per_kg":590.0

    },
    {
        "country":"Zimbabwe",
        "1":2100.0,
        "2":2900.0,
        "3":3500.0,
        "4":4000.0,
        "5":4600.0,
        "6":5250.0,
        "7":5860.0,
        "8":6470.0,
        "9":7080.0,
        "10":7690.0,
        "11":8300.0,
        "per_kg":610.0

    },
    {
        "country":"Tanzania",
        "1":5200.0,
        "2":5600.0,
        "3":6400.0,
        "4":6800.0,
        "5":7200.0,
        "6":7800.0,
        "7":8320.0,
        "8":8840.0,
        "9":9360.0,
        "10":9880.0,
        "11":10400.0,
        "per_kg":520.0

    },
    {
        "country":"Uganda",
        "1":5200.0,
        "2":5600.0,
        "3":6400.0,
        "4":6800.0,
        "5":7200.0,
        "6":7800.0,
        "7":8320.0,
        "8":8840.0,
        "9":9360.0,
        "10":9880.0,
        "11":10400.0,
        "per_kg":520.0

    },
    {
        "country":"Singapore",
        "1":1500.0,
        "2":1800.0,
        "3":2100.0,
        "4":2400.0,
        "5":2700.0,
        "6":3200.0,
        "7":3433.0,
        "8":3762.0,
        "9":4090.0,
        "10":4419.0,
        "11":4748.0,
        "per_kg":328.0

    },
    {
        "country":"Malaysia",
        "1":1200.0,
        "2":1500.0,
        "3":1900.0,
        "4":2400.0,
        "5":2800.0,
        "6":3300.0,
        "7":3673.0,
        "8":4099.0,
        "9":4525.0,
        "10":4950.0,
        "11":5376.0,
        "per_kg":425.0

    },
    {
        "country":"Hongkong",
        "1":1200.0,
        "2":1500.0,
        "3":2100.0,
        "4":2400.0,
        "5":2800.0,
        "6":3300.0,
        "7":3687.0,
        "8":4107.0,
        "9":4527.0,
        "10":4947.0,
        "11":5367.0,
        "per_kg":420.0

    },
    {
        "country":"THAILAND",
        "1":1800.0,
        "2":2800.0,
        "3":3800.0,
        "4":4400.0,
        "5":5200.0,
        "6":6000.0,
        "7":6880.0,
        "8":7703.0,
        "9":8526.0,
        "10":9349.0,
        "11":10171.0,
        "per_kg":822.0

    },
    {
        "country":"PHILIPPINES",
        "1":3000.0,
        "2":4200.0,
        "3":4800.0,
        "4":5400.0,
        "5":6300.0,
        "6":7200.0,
        "7":7940.0,
        "8":8737.0,
        "9":9534.0,
        "10":10331.0,
        "11":11129.0,
        "per_kg":797.0

    },
    {
        "country":"CHINA",
        "1":2100.0,
        "2":2800.0,
        "3":3600.0,
        "4":4200.0,
        "5":4800.0,
        "6":5200.0,
        "7":5993.0,
        "8":6625.0,
        "9":7256.0,
        "10":7888.0,
        "11":8519.0,
        "per_kg":631.0

    },
    {
        "country":"Bhutan",
        "1":1800.0,
        "2":2400.0,
        "3":2900.0,
        "4":3467.0,
        "5":4017.0,
        "6":4567.0,
        "7":5117.0,
        "8":5667.0,
        "9":6217.0,
        "10":6767.0,
        "11":7317.0,
        "per_kg":550.0

    },
    {
        "country":"Nepal",
        "1":1500.0,
        "2":2450.0,
        "3":2900.0,
        "4":3683.0,
        "5":4383.0,
        "6":5083.0,
        "7":5783.0,
        "8":6483.0,
        "9":7183.0,
        "10":7883.0,
        "11":8583.0,
        "per_kg":700.0

    },
    {
        "country":"Sri Lanka",
        "1":1800.0,
        "2":2800.0,
        "3":3600.0,
        "4":4533.0,
        "5":5433.0,
        "6":6333.0,
        "7":7233.0,
        "8":8133.0,
        "9":9033.0,
        "10":9933.0,
        "11":10833.0,
        "per_kg":900.0

    },
    {
        "country":"UAE",
        "1":1500.0,
        "2":1900.0,
        "3":2400.0,
        "4":2833.0,
        "5":3283.0,
        "6":3733.0,
        "7":4183.0,
        "8":4633.0,
        "9":5083.0,
        "10":5533.0,
        "11":5983.0,
        "per_kg":450.0

    },
    {
        "country":"Oman",
        "1":1900.0,
        "2":2400.0,
        "3":2800.0,
        "4":3267.0,
        "5":3717.0,
        "6":4167.0,
        "7":4617.0,
        "8":5067.0,
        "9":5517.0,
        "10":5967.0,
        "11":6417.0,
        "per_kg":450.0

    },
    {
        "country":"Qatar",
        "1":1500.0,
        "2":2400.0,
        "3":2800.0,
        "4":3533.0,
        "5":4183.0,
        "6":4833.0,
        "7":5483.0,
        "8":6133.0,
        "9":6783.0,
        "10":7433.0,
        "11":8083.0,
        "per_kg":650.0

    },
    {
        "country":"Bahrain",
        "1":1600.0,
        "2":2400.0,
        "3":2800.0,
        "4":3400.0,
        "5":4000.0,
        "6":4580.0,
        "7":5160.0,
        "8":5740.0,
        "9":6320.0,
        "10":6900.0,
        "11":7480.0,
        "per_kg":580.0

    },
    {
        "country":"Kuwait",
        "1":1500.0,
        "2":2400.0,
        "3":2900.0,
        "4":3500.0,
        "5":3800.0,
        "6":4530.0,
        "7":5100.0,
        "8":5670.0,
        "9":6240.0,
        "10":6810.0,
        "11":7380.0,
        "per_kg":570.0

    },
    {
        "country":"Saudi Arabia",
        "1":2000.0,
        "2":2800.0,
        "3":3600.0,
        "4":4400.0,
        "5":5200.0,
        "6":6000.0,
        "7":6800.0,
        "8":7600.0,
        "9":8400.0,
        "10":9200.0,
        "11":10000.0,
        "per_kg":800.0

    },
    {
        "country":"Iran",
        "1":3800.0,
        "2":4600.0,
        "3":5400.0,
        "4":6200.0,
        "5":7000.0,
        "6":7800.0,
        "7":8600.0,
        "8":9400.0,
        "9":10200.0,
        "10":11000.0,
        "11":11800.0,
        "per_kg":800.0

    },
    {
        "country":"UK",
        "1":1500.0,
        "2":2300.0,
        "3":2100.0,
        "4":2500.0,
        "5":3300.0,
        "6":3980.0,
        "7":4660.0,
        "8":5340.0,
        "9":6020.0,
        "10":6700.0,
        "11":7380.0,
        "per_kg":680.0

    },
    {
        "country":"Northern Ireland",
        "1":2500.0,
        "2":3400.0,
        "3":2900.0,
        "4":3400.0,
        "5":4100.0,
        "6":4720.0,
        "7":5340.0,
        "8":5960.0,
        "9":6580.0,
        "10":7200.0,
        "11":7820.0,
        "per_kg":620.0

    },
    {
        "country":"Isle of Man",
        "1":2500.0,
        "2":3400.0,
        "3":2900.0,
        "4":3400.0,
        "5":4100.0,
        "6":4720.0,
        "7":5340.0,
        "8":5960.0,
        "9":6580.0,
        "10":7200.0,
        "11":7820.0,
        "per_kg":620.0

    },
    {
        "country":"JERSEY",
        "1":4100.0,
        "2":4800.0,
        "3":4400.0,
        "4":5000.0,
        "5":5600.0,
        "6":6240.0,
        "7":6860.0,
        "8":7480.0,
        "9":8100.0,
        "10":8720.0,
        "11":9340.0,
        "per_kg":620.0

    },
    {
        "country":"Scotland",
        "1":2800.0,
        "2":3400.0,
        "3":2900.0,
        "4":3500.0,
        "5":4100.0,
        "6":4650.0,
        "7":5220.0,
        "8":5790.0,
        "9":6360.0,
        "10":6930.0,
        "11":7500.0,
        "per_kg":570.0

    },
    {
        "country":"Glasgow",
        "1":2800.0,
        "2":3400.0,
        "3":2900.0,
        "4":3500.0,
        "5":4100.0,
        "6":4650.0,
        "7":5220.0,
        "8":5790.0,
        "9":6360.0,
        "10":6930.0,
        "11":7500.0,
        "per_kg":570.0

    },
    {
        "country":"Edinburgh",
        "1":2700.0,
        "2":3300.0,
        "3":2800.0,
        "4":3200.0,
        "5":3900.0,
        "6":4370.0,
        "7":4900.0,
        "8":5430.0,
        "9":5960.0,
        "10":6490.0,
        "11":7020.0,
        "per_kg":530.0

    },
    {
        "country":"Norway",
        "1":6500.0,
        "2":7200.0,
        "3":6600.0,
        "4":7200.0,
        "5":7600.0,
        "6":8180.0,
        "7":8700.0,
        "8":9220.0,
        "9":9740.0,
        "10":10260.0,
        "11":10780.0,
        "per_kg":520.0

    },
    {
        "country":"Switzerland",
        "1":6200.0,
        "2":6500.0,
        "3":5800.0,
        "4":6200.0,
        "5":6800.0,
        "6":7070.0,
        "7":7460.0,
        "8":7850.0,
        "9":8240.0,
        "10":8630.0,
        "11":9020.0,
        "per_kg":390.0

    },
    {
        "country":"Asutria",
        "1":3900.0,
        "2":4150.0,
        "3":4900.0,
        "4":5650.0,
        "5":6650.0,
        "6":7650.0,
        "7":8650.0,
        "8":9650.0,
        "9":10650.0,
        "10":11650.0,
        "11":12650.0,
        "per_kg":1000.0

    },
    {
        "country":"Belgium",
        "1":3441.0,
        "2":3691.0,
        "3":4441.0,
        "4":5191.0,
        "5":6191.0,
        "6":7191.0,
        "7":8191.0,
        "8":9191.0,
        "9":10191.0,
        "10":11191.0,
        "11":12191.0,
        "per_kg":1000.0

    },
    {
        "country":"Bosnia",
        "1":4774.0,
        "2":5024.0,
        "3":5774.0,
        "4":6524.0,
        "5":7524.0,
        "6":8524.0,
        "7":9524.0,
        "8":10524.0,
        "9":11524.0,
        "10":12524.0,
        "11":13524.0,
        "per_kg":1000.0

    },
    {
        "country":"Bulgaria",
        "1":4774.0,
        "2":5024.0,
        "3":5774.0,
        "4":6524.0,
        "5":7524.0,
        "6":8524.0,
        "7":9524.0,
        "8":10524.0,
        "9":11524.0,
        "10":12524.0,
        "11":13524.0,
        "per_kg":1000.0

    },
    {
        "country":"Croatia",
        "1":4774.0,
        "2":5024.0,
        "3":5774.0,
        "4":6524.0,
        "5":7524.0,
        "6":8524.0,
        "7":9524.0,
        "8":10524.0,
        "9":11524.0,
        "10":12524.0,
        "11":13524.0,
        "per_kg":1000.0

    },
    {
        "country":"Czech REPUBLIC",
        "1":3441.0,
        "2":3691.0,
        "3":4441.0,
        "4":5191.0,
        "5":6191.0,
        "6":7191.0,
        "7":8191.0,
        "8":9191.0,
        "9":10191.0,
        "10":11191.0,
        "11":12191.0,
        "per_kg":1000.0

    },
    {
        "country":"DENMARK",
        "1":3441.0,
        "2":3691.0,
        "3":4441.0,
        "4":5191.0,
        "5":6191.0,
        "6":7191.0,
        "7":8191.0,
        "8":9191.0,
        "9":10191.0,
        "10":11191.0,
        "11":12191.0,
        "per_kg":1000.0

    },
    {
        "country":"Estonia",
        "1":4774.0,
        "2":5024.0,
        "3":5774.0,
        "4":6524.0,
        "5":7524.0,
        "6":8524.0,
        "7":9524.0,
        "8":10524.0,
        "9":11524.0,
        "10":12524.0,
        "11":13524.0,
        "per_kg":1000.0

    },
    {
        "country":"Finland",
        "1":4774.0,
        "2":5024.0,
        "3":5774.0,
        "4":6524.0,
        "5":7524.0,
        "6":8524.0,
        "7":9524.0,
        "8":10524.0,
        "9":11524.0,
        "10":12524.0,
        "11":13524.0,
        "per_kg":1000.0

    },
    {
        "country":"France",
        "1":3441.0,
        "2":3691.0,
        "3":4441.0,
        "4":5191.0,
        "5":6191.0,
        "6":7191.0,
        "7":8191.0,
        "8":9191.0,
        "9":10191.0,
        "10":11191.0,
        "11":12191.0,
        "per_kg":1000.0

    },
    {
        "country":"Germany",
        "1":2644.0,
        "2":2894.0,
        "3":3644.0,
        "4":4394.0,
        "5":5394.0,
        "6":6394.0,
        "7":7394.0,
        "8":8394.0,
        "9":9394.0,
        "10":10394.0,
        "11":11394.0,
        "per_kg":1000.0

    },
    {
        "country":"Greece",
        "1":4774.0,
        "2":5024.0,
        "3":5774.0,
        "4":6524.0,
        "5":7524.0,
        "6":8524.0,
        "7":9524.0,
        "8":10524.0,
        "9":11524.0,
        "10":12524.0,
        "11":13524.0,
        "per_kg":1000.0

    },
    {
        "country":"Hungary",
        "1":4774.0,
        "2":5024.0,
        "3":5774.0,
        "4":6524.0,
        "5":7524.0,
        "6":8524.0,
        "7":9524.0,
        "8":10524.0,
        "9":11524.0,
        "10":12524.0,
        "11":13524.0,
        "per_kg":1000.0

    },
    {
        "country":"Ireland",
        "1":3441.0,
        "2":3691.0,
        "3":4441.0,
        "4":5191.0,
        "5":6191.0,
        "6":7191.0,
        "7":8191.0,
        "8":9191.0,
        "9":10191.0,
        "10":11191.0,
        "11":12191.0,
        "per_kg":1000.0

    },
    {
        "country":"Italy",
        "1":3441.0,
        "2":3691.0,
        "3":4441.0,
        "4":5191.0,
        "5":6191.0,
        "6":7191.0,
        "7":8191.0,
        "8":9191.0,
        "9":10191.0,
        "10":11191.0,
        "11":12191.0,
        "per_kg":1000.0

    },
    {
        "country":"Latvia",
        "1":4774.0,
        "2":5024.0,
        "3":5774.0,
        "4":6524.0,
        "5":7524.0,
        "6":8524.0,
        "7":9524.0,
        "8":10524.0,
        "9":11524.0,
        "10":12524.0,
        "11":13524.0,
        "per_kg":1000.0

    },
    {
        "country":"LIECHTENSTEIN",
        "1":4500.0,
        "2":4750.0,
        "3":5500.0,
        "4":6250.0,
        "5":7250.0,
        "6":8250.0,
        "7":9250.0,
        "8":10250.0,
        "9":11250.0,
        "10":12250.0,
        "11":13250.0,
        "per_kg":1000.0

    },
    {
        "country":"Lithuania",
        "1":4774.0,
        "2":5024.0,
        "3":5774.0,
        "4":6524.0,
        "5":7524.0,
        "6":8524.0,
        "7":9524.0,
        "8":10524.0,
        "9":11524.0,
        "10":12524.0,
        "11":13524.0,
        "per_kg":1000.0

    },
    {
        "country":"Luxembourg",
        "1":3441.0,
        "2":3691.0,
        "3":4441.0,
        "4":5191.0,
        "5":6191.0,
        "6":7191.0,
        "7":8191.0,
        "8":9191.0,
        "9":10191.0,
        "10":11191.0,
        "11":12191.0,
        "per_kg":1000.0

    },
    {
        "country":"Monaco",
        "1":4774.0,
        "2":5024.0,
        "3":5774.0,
        "4":6524.0,
        "5":7524.0,
        "6":8524.0,
        "7":9524.0,
        "8":10524.0,
        "9":11524.0,
        "10":12524.0,
        "11":13524.0,
        "per_kg":1000.0

    },
    {
        "country":"Netherlands",
        "1":3441.0,
        "2":3691.0,
        "3":4441.0,
        "4":5191.0,
        "5":6191.0,
        "6":7191.0,
        "7":8191.0,
        "8":9191.0,
        "9":10191.0,
        "10":11191.0,
        "11":12191.0,
        "per_kg":1000.0

    },
    {
        "country":"POLAND",
        "1":3441.0,
        "2":3691.0,
        "3":4441.0,
        "4":5191.0,
        "5":6191.0,
        "6":7191.0,
        "7":8191.0,
        "8":9191.0,
        "9":10191.0,
        "10":11191.0,
        "11":12191.0,
        "per_kg":1000.0

    },
    {
        "country":"Portugal",
        "1":3441.0,
        "2":3691.0,
        "3":4441.0,
        "4":5191.0,
        "5":6191.0,
        "6":7191.0,
        "7":8191.0,
        "8":9191.0,
        "9":10191.0,
        "10":11191.0,
        "11":12191.0,
        "per_kg":1000.0

    },
    {
        "country":"Romania",
        "1":4774.0,
        "2":5024.0,
        "3":5774.0,
        "4":6524.0,
        "5":7524.0,
        "6":8524.0,
        "7":9524.0,
        "8":10524.0,
        "9":11524.0,
        "10":12524.0,
        "11":13524.0,
        "per_kg":1000.0

    },
    {
        "country":"Slovakia",
        "1":3441.0,
        "2":3691.0,
        "3":4441.0,
        "4":5191.0,
        "5":6191.0,
        "6":7191.0,
        "7":8191.0,
        "8":9191.0,
        "9":10191.0,
        "10":11191.0,
        "11":12191.0,
        "per_kg":1000.0

    },
    {
        "country":"SLOVENIA",
        "1":3441.0,
        "2":3691.0,
        "3":4441.0,
        "4":5191.0,
        "5":6191.0,
        "6":7191.0,
        "7":8191.0,
        "8":9191.0,
        "9":10191.0,
        "10":11191.0,
        "11":12191.0,
        "per_kg":1000.0

    },
    {
        "country":"Spain",
        "1":3441.0,
        "2":3691.0,
        "3":4441.0,
        "4":5191.0,
        "5":6191.0,
        "6":7191.0,
        "7":8191.0,
        "8":9191.0,
        "9":10191.0,
        "10":11191.0,
        "11":12191.0,
        "per_kg":1000.0,
        "Unnamed: 15":"z"
    },
    {
        "country":"Sweden",
        "1":3441.0,
        "2":3691.0,
        "3":4441.0,
        "4":5191.0,
        "5":6191.0,
        "6":7191.0,
        "7":8191.0,
        "8":9191.0,
        "9":10191.0,
        "10":11191.0,
        "11":12191.0,
        "per_kg":1000.0

    },
    {
        "country":"CANADA",
        "1":3500.0,
        "2":4200.0,
        "3":4800.0,
        "4":5300.0,
        "5":5800.0,
        "6":6500.0,
        "7":7200.0,
        "8":7800.0,
        "9":8400.0,
        "10":9000.0,
        "11":9900.0,
        "per_kg":900.0

    },
    {
        "country":"Australia",
        "1":3500.0,
        "2":4500.0,
        "3":5500.0,
        "4":6500.0,
        "5":7500.0,
        "6":8500.0,
        "7":9500.0,
        "8":10500.0,
        "9":11500.0,
        "10":12500.0,
        "11":13500.0,
        "per_kg":1000.0

    },
    {
        "country":"New Zealand",
        "1":2900.0,
        "2":3700.0,
        "3":4500.0,
        "4":5300.0,
        "5":6100.0,
        "6":6900.0,
        "7":7700.0,
        "8":8500.0,
        "9":9300.0,
        "10":10100.0,
        "11":10900.0,
        "per_kg":800.0

    },
    {
        "country":"USA",
        "1":3800.0,
        "2":4500.0,
        "3":5100.0,
        "4":5600.0,
        "5":6100.0,
        "6":6800.0,
        "7":7500.0,
        "8":8100.0,
        "9":8700.0,
        "10":9300.0,
        "11":10200.0,
        "per_kg":900.0

    }
]